method,total_distance_m,flight_time_s,turning_number,energy_proxy,overall_coverage_rate,high_risk_coverage_rate,abnormality_detection_rate,missed_risk_rate,detected_truth_cells,detections_per_km,waypoints
Fixed route,6686.41765748929,1114.4029429148816,26.0,6790.41765748929,0.452,0.672566371681416,0.5643564356435643,0.4356435643564357,342.0,51.14846507037058,30.0
Standard CPP,12731.259280134309,2121.8765466890513,46.0,12915.259280134309,0.6652,0.8053097345132744,0.7343234323432343,0.2656765676567657,445.0,34.953337310031245,50.0
Key-point TSP,5542.60476139758,923.7674602329299,45.0,5722.60476139758,0.3276,0.6194690265486725,0.4636963696369637,0.5363036303630363,281.0,50.698184715798725,61.0
IPP baseline,5027.335172691672,837.889195448612,67.0,5295.335172691672,0.2724,0.9203539823008849,0.4966996699669967,0.5033003300330032,301.0,59.87267402321267,74.0
Proposed method,12811.701460591486,2135.2835767652477,53.0,13023.701460591486,0.704,0.9380530973451328,0.7937293729372937,0.20627062706270627,481.0,37.543803333190795,77.0
