ablation,obstacle_collisions,total_distance_m,flight_time_s,turning_number,energy_proxy,overall_coverage_rate,high_risk_coverage_rate,abnormality_detection_rate,missed_risk_rate,detected_truth_cells,detections_per_km,waypoints
Full model,0,12811.701460591486,2135.2835767652477,53.0,13023.701460591486,0.704,0.9380530973451328,0.7937293729372937,0.20627062706270627,481.0,37.543803333190795,77.0
w/o K_i,0,12790.465635541765,2131.7442725902943,44.0,12966.465635541765,0.6656,0.8053097345132744,0.7260726072607261,0.2739273927392739,440.0,34.40062406933342,49.0
w/o S_i,0,12785.134099098113,2130.8556831830188,54.0,13001.134099098113,0.6976,0.8407079646017699,0.7541254125412541,0.2458745874587459,457.0,35.7446387701352,68.0
w/o adaptive insertion,0,12731.259280134309,2121.8765466890513,46.0,12915.259280134309,0.6652,0.8053097345132744,0.7343234323432343,0.2656765676567657,445.0,34.953337310031245,50.0
