weight_scheme,w_C,w_V,w_T,w_S,w_K,planning_high_risk_cells,obstacle_collisions,total_distance_m,flight_time_s,turning_number,energy_proxy,overall_coverage_rate,high_risk_coverage_rate,abnormality_detection_rate,missed_risk_rate,detected_truth_cells,detections_per_km,waypoints
Balanced,0.24,0.2,0.16,0.2,0.2,113,0,12811.701460591486,2135.2835767652477,53.0,13023.701460591486,0.704,0.9380530973451328,0.7937293729372937,0.20627062706270627,481.0,37.543803333190795,77.0
Equal weights,0.2,0.2,0.2,0.2,0.2,144,0,13135.30180710869,2189.2169678514483,62.0,13383.30180710869,0.6996,0.9292035398230089,0.7887788778877888,0.21122112211221122,478.0,36.39048474252121,87.0
Vision-dominant,0.3,0.25,0.2,0.15,0.1,16,0,12948.00687122855,2158.0011452047584,52.0,13156.00687122855,0.6672,0.9026548672566371,0.7491749174917491,0.25082508250825086,454.0,35.06331163669849,58.0
Sensor-dominant,0.17,0.16,0.12,0.35,0.2,234,0,12922.193265694426,2153.6988776157377,61.0,13166.193265694426,0.6988,0.9203539823008849,0.7920792079207921,0.20792079207920788,480.0,37.145397080098945,93.0
Structure-dominant,0.17,0.16,0.12,0.15,0.4,266,0,12913.9194874479,2152.31991457465,60.0,13153.9194874479,0.6632,0.911504424778761,0.7557755775577558,0.24422442244224418,458.0,35.46560751328579,105.0
