extra_budget_ratio,inserted_points,obstacle_collisions,total_distance_m,flight_time_s,turning_number,energy_proxy,overall_coverage_rate,high_risk_coverage_rate,abnormality_detection_rate,missed_risk_rate,detected_truth_cells,detections_per_km,waypoints
0.002,66,0,12962.44925674196,2160.4082094569935,48.0,13154.44925674196,0.7016,0.8584070796460177,0.7524752475247525,0.24752475247524752,456.0,35.17853693913808,92.0
0.005,69,0,12970.426667394568,2161.7377778990945,48.0,13162.426667394568,0.7032,0.8584070796460177,0.764026402640264,0.235973597359736,463.0,35.69658977864643,95.0
0.01,69,0,12970.426667394568,2161.7377778990945,48.0,13162.426667394568,0.7032,0.8584070796460177,0.764026402640264,0.235973597359736,463.0,35.69658977864643,95.0
0.02,69,0,12970.426667394568,2161.7377778990945,48.0,13162.426667394568,0.7032,0.8584070796460177,0.764026402640264,0.235973597359736,463.0,35.69658977864643,95.0
0.05,69,0,12970.426667394568,2161.7377778990945,48.0,13162.426667394568,0.7032,0.8584070796460177,0.764026402640264,0.235973597359736,463.0,35.69658977864643,95.0
