budget_factor,max_distance_m,within_budget,obstacle_collisions,total_distance_m,flight_time_s,turning_number,energy_proxy,overall_coverage_rate,high_risk_coverage_rate,abnormality_detection_rate,missed_risk_rate,detected_truth_cells,detections_per_km,waypoints
0.8,10185.007424107447,True,0,6952.062753325005,1158.6771255541676,38.0,7104.062753325005,0.4396,0.9292035398230089,0.5891089108910891,0.4108910891089109,357.0,51.35166534986403,50.0
0.9,11458.133352120878,True,0,6952.062753325005,1158.6771255541676,38.0,7104.062753325005,0.4396,0.9292035398230089,0.5891089108910891,0.4108910891089109,357.0,51.35166534986403,50.0
1.0,12731.259280134309,True,0,12731.259280134309,2121.8765466890513,46.0,12915.259280134309,0.6652,0.8053097345132744,0.7343234323432343,0.2656765676567657,445.0,34.953337310031245,50.0
1.05,13367.822244141025,True,0,12811.701460591486,2135.2835767652477,53.0,13023.701460591486,0.704,0.9380530973451328,0.7937293729372937,0.20627062706270627,481.0,37.543803333190795,77.0
1.1,14004.385208147742,True,0,12811.701460591486,2135.2835767652477,53.0,13023.701460591486,0.704,0.9380530973451328,0.7937293729372937,0.20627062706270627,481.0,37.543803333190795,77.0
