method,total_distance_m_mean,total_distance_m_std,high_risk_coverage_rate_mean,high_risk_coverage_rate_std,abnormality_detection_rate_mean,abnormality_detection_rate_std,missed_risk_rate_mean,missed_risk_rate_std,detections_per_km_mean,detections_per_km_std,obstacle_collisions_mean,obstacle_collisions_std
Fixed route,6686.41765748929,0.0,0.487915915850618,0.11144899957231345,0.5087522008085987,0.032819549502753974,0.4912477991914013,0.03281954950275395,44.08937866299779,4.292309527412301,0.0,0.0
Standard CPP,12731.259280134309,0.0,0.792198720444073,0.0800552683894897,0.7554448418270784,0.03717038863631556,0.2445551581729215,0.03717038863631556,34.387800167037476,3.0402796561403957,0.0,0.0
Key-point TSP,5295.835139356358,225.8301407346158,0.7678107841561217,0.10463093889248297,0.5623050443826519,0.07688904544629155,0.43769495561734806,0.07688904544629155,61.314456403991514,7.068112453564406,0.0,0.0
IPP baseline,4202.237471015616,521.4848080466116,0.9549981291176162,0.033666485814181954,0.49490013773669794,0.04007216792882698,0.5050998622633018,0.04007216792882696,69.0769347755966,11.123504454750153,0.0,0.0
Proposed method,12863.47522380001,102.7816380637408,0.9716682974874569,0.01943896898652675,0.8234542161442014,0.0385788987943175,0.1765457838557985,0.0385788987943175,37.0129279423118,1.5495115329872393,0.0,0.0
