grid_size_m,n_rows,n_cols,n_cells,high_risk_cells_planning_grid,truth_cells_planning_grid,runtime_s,obstacle_collisions,total_distance_m,flight_time_s,turning_number,energy_proxy,overall_coverage_rate,high_risk_coverage_rate,abnormality_detection_rate,missed_risk_rate,detected_truth_cells,detections_per_km,waypoints
10,100,100,10000,231,2163,0.01025389999995241,0,12879.961589492952,2146.660264915492,56.0,13103.961589492952,0.6836,0.911504424778761,0.7706270627062707,0.22937293729372932,467.0,36.257872102736954,73.0
20,50,50,2500,62,541,0.006217400001332862,0,12911.637789102877,2151.939631517146,55.0,13131.637789102877,0.7256,0.911504424778761,0.7970297029702971,0.20297029702970293,483.0,37.40811257946229,71.0
30,33,33,1089,37,245,0.005205100000239327,0,12753.30939186587,2125.5515653109783,46.0,12937.30939186587,0.71,0.9292035398230089,0.7871287128712872,0.21287128712871284,477.0,37.40205662259187,62.0
40,25,25,625,19,138,0.004605799998898874,0,12805.743699180028,2134.2906165300046,47.0,12993.743699180028,0.6676,0.8849557522123894,0.764026402640264,0.235973597359736,463.0,36.15565100132737,59.0
